set schema APP;
insert into "RECIPE" ("UUID", "LASTUPDATE", "ADDINGDATE", "NOOFPERSON", "PREAMBLE", "PREPARATION", "TITLE", "IMAGE_DESCRIPTION", "IMAGE_URL", "RATING", "VERSION") values('c0e5582e-252f-4e94-8a49-e12b4b047afb', '2014-01-22 23:03:20', '2014-01-22 23:03:20', '2', 'Preample', 'Lorem ipsum dolor sit amet, consectetur adipiscing elit. Quisque convallis lacus at sagittis scelerisque. Donec at mauris ac mi pharetra.', 'Dies und Das', null, null, 2, 1);
insert into "INGREDIENT" ("UUID", "ANNOTATION", "DESCRIPTION", "QUANTITY", "RECIPE_ID") values('c0e5582e-252f-4e94-8a49-e12b4b047af1', null, 'Pfeffer', 'etwas', 'c0e5582e-252f-4e94-8a49-e12b4b047afb');
insert into "INGREDIENT" ("UUID", "ANNOTATION", "DESCRIPTION", "QUANTITY", "RECIPE_ID") values('c0e5582e-252f-4e94-8a49-e12b4b047af2', 'ev. Mehrsalz', 'Salz', 'priese', 'c0e5582e-252f-4e94-8a49-e12b4b047afb');
insert into "INGREDIENT" ("UUID", "ANNOTATION", "DESCRIPTION", "QUANTITY", "RECIPE_ID") values('c0e5582e-252f-4e94-8a49-e12b4b047af3', 'kalt gepresst', 'Olivenöl', '2 TL', 'c0e5582e-252f-4e94-8a49-e12b4b047afb');
insert into "INGREDIENT" ("UUID", "ANNOTATION", "DESCRIPTION", "QUANTITY", "RECIPE_ID") values('c0e5582e-252f-4e94-8a49-e12b4b047af4', null, 'Ingwer', 'nach Lust & Laune', 'c0e5582e-252f-4e94-8a49-e12b4b047afb');
insert into "TAGS" ("RECIPE_ID", "TAGS") values('c0e5582e-252f-4e94-8a49-e12b4b047afb', 'vegetarisch');
insert into "TAGS" ("RECIPE_ID", "TAGS") values('c0e5582e-252f-4e94-8a49-e12b4b047afb', 'hauptgericht');
insert into "RECIPE" ("UUID", "LASTUPDATE", "ADDINGDATE", "NOOFPERSON", "PREAMBLE", "PREPARATION", "TITLE", "IMAGE_DESCRIPTION", "IMAGE_URL", "RATING", "VERSION") values('adf99b55-4804-4398-af4e-e37ec2c692c7', '2014-01-28 23:03:20', '2014-01-22 23:03:20', '4', 'Rezept für Hungrige', 'Lorem ipsum dolor sit amet, consectetur adipiscing elit. Quisque convallis lacus at sagittis scelerisque. Donec at mauris ac mi pharetra.', 'Pasta für alle', null, null, 4, 1);
insert into "INGREDIENT" ("UUID", "ANNOTATION", "DESCRIPTION", "QUANTITY", "RECIPE_ID") values('adf99b55-4804-4398-af4e-e37ec2c692c1', null, 'Pasta', '250g', 'adf99b55-4804-4398-af4e-e37ec2c692c7');
insert into "INGREDIENT" ("UUID", "ANNOTATION", "DESCRIPTION", "QUANTITY", "RECIPE_ID") values('adf99b55-4804-4398-af4e-e37ec2c692c2', 'ev. Mehrsalz', 'Salz', '5EL', 'adf99b55-4804-4398-af4e-e37ec2c692c7');
insert into "INGREDIENT" ("UUID", "ANNOTATION", "DESCRIPTION", "QUANTITY", "RECIPE_ID") values('adf99b55-4804-4398-af4e-e37ec2c692c3', 'kalt gepresst', 'Olivenöl', '2 TL', 'adf99b55-4804-4398-af4e-e37ec2c692c7');
insert into "INGREDIENT" ("UUID", "ANNOTATION", "DESCRIPTION", "QUANTITY", "RECIPE_ID") values('adf99b55-4804-4398-af4e-e37ec2c692c4', null, 'Pelati', 'eine Dose', 'adf99b55-4804-4398-af4e-e37ec2c692c7');
insert into "TAGS" ("RECIPE_ID", "TAGS") values('adf99b55-4804-4398-af4e-e37ec2c692c7', 'vegetarisch');
insert into "TAGS" ("RECIPE_ID", "TAGS") values('adf99b55-4804-4398-af4e-e37ec2c692c7', 'vorspeise');
